- MySQL dump 10.13  Distrib 8.0.44, for Win64 (x86_64)
--
-- Host: localhost    Database: timesnapbd
-- ------------------------------------------------------
-- Server version	8.0.44

/*!40101 SET @OLD_CHARACTER_SET_CLIENT=@@CHARACTER_SET_CLIENT */;
/*!40101 SET @OLD_CHARACTER_SET_RESULTS=@@CHARACTER_SET_RESULTS */;
/*!40101 SET @OLD_COLLATION_CONNECTION=@@COLLATION_CONNECTION */;
/*!50503 SET NAMES utf8mb4 */;
/*!40103 SET @OLD_TIME_ZONE=@@TIME_ZONE */;
/*!40103 SET TIME_ZONE='+00:00' */;
/*!40014 SET @OLD_UNIQUE_CHECKS=@@UNIQUE_CHECKS, UNIQUE_CHECKS=0 */;
/*!40014 SET @OLD_FOREIGN_KEY_CHECKS=@@FOREIGN_KEY_CHECKS, FOREIGN_KEY_CHECKS=0 */;
/*!40101 SET @OLD_SQL_MODE=@@SQL_MODE, SQL_MODE='NO_AUTO_VALUE_ON_ZERO' */;
/*!40111 SET @OLD_SQL_NOTES=@@SQL_NOTES, SQL_NOTES=0 */;

--
-- Table structure for table `asistencia`
--

DROP TABLE IF EXISTS `asistencia`;
/*!40101 SET @saved_cs_client     = @@character_set_client */;
/*!50503 SET character_set_client = utf8mb4 */;
CREATE TABLE `asistencia` (
  `id_asistencia` char(8) NOT NULL,
  `id_empleado` char(8) DEFAULT NULL,
  `id_detalle` char(8) DEFAULT NULL,
  `hora_comida_entrada` time DEFAULT NULL,
  `hora_comida_salida` time DEFAULT NULL,
  `hora_entrada_puesto` time DEFAULT NULL,
  `hora_salida_puesto` time DEFAULT NULL,
  `fecha_registro` date DEFAULT NULL,
  PRIMARY KEY (`id_asistencia`),
  KEY `id_empleado` (`id_empleado`),
  KEY `id_detalle` (`id_detalle`),
  CONSTRAINT `asistencia_ibfk_1` FOREIGN KEY (`id_empleado`) REFERENCES `empleados` (`id_empleado`),
  CONSTRAINT `asistencia_ibfk_2` FOREIGN KEY (`id_detalle`) REFERENCES `detalle_incidencias` (`id_detalle`)
) ENGINE=InnoDB DEFAULT CHARSET=utf8mb4 COLLATE=utf8mb4_0900_ai_ci;
/*!40101 SET character_set_client = @saved_cs_client */;

--
-- Dumping data for table `asistencia`
--

LOCK TABLES `asistencia` WRITE;
/*!40000 ALTER TABLE `asistencia` DISABLE KEYS */;
/*!40000 ALTER TABLE `asistencia` ENABLE KEYS */;
UNLOCK TABLES;

--
-- Table structure for table `detalle_incidencias`
--

DROP TABLE IF EXISTS `detalle_incidencias`;
/*!40101 SET @saved_cs_client     = @@character_set_client */;
/*!50503 SET character_set_client = utf8mb4 */;
CREATE TABLE `detalle_incidencias` (
  `id_detalle` char(8) NOT NULL,
  `id_incidencia` char(8) DEFAULT NULL,
  `id_empleado` char(8) DEFAULT NULL,
  `fecha_inicio` date NOT NULL,
  `fecha_fin` date NOT NULL,
  PRIMARY KEY (`id_detalle`),
  KEY `id_incidencia` (`id_incidencia`),
  KEY `id_empleado` (`id_empleado`),
  CONSTRAINT `detalle_incidencias_ibfk_1` FOREIGN KEY (`id_incidencia`) REFERENCES `incidencias` (`id_incidencia`),
  CONSTRAINT `detalle_incidencias_ibfk_2` FOREIGN KEY (`id_empleado`) REFERENCES `empleados` (`id_empleado`)
) ENGINE=InnoDB DEFAULT CHARSET=utf8mb4 COLLATE=utf8mb4_0900_ai_ci;
/*!40101 SET character_set_client = @saved_cs_client */;

--
-- Dumping data for table `detalle_incidencias`
--

LOCK TABLES `detalle_incidencias` WRITE;
/*!40000 ALTER TABLE `detalle_incidencias` DISABLE KEYS */;
/*!40000 ALTER TABLE `detalle_incidencias` ENABLE KEYS */;
UNLOCK TABLES;

--
-- Table structure for table `empleados`
--

DROP TABLE IF EXISTS `empleados`;
/*!40101 SET @saved_cs_client     = @@character_set_client */;
/*!50503 SET character_set_client = utf8mb4 */;
CREATE TABLE `empleados` (
  `id_empleado` char(8) NOT NULL,
  `fotoperfil` longtext,
  `nombre` varchar(50) NOT NULL,
  `apellido1` varchar(50) NOT NULL,
  `apellido2` varchar(50) DEFAULT NULL,
  `hora_comida_entrada` time DEFAULT NULL,
  `hora_comida_salida` time DEFAULT NULL,
  `hora_entrada_puesto` time DEFAULT NULL,
  `hora_salida_puesto` time DEFAULT NULL,
  `id_puestos` char(8) DEFAULT NULL,
  `id_sucursal` char(8) DEFAULT NULL,
  `contrase├▒a` varchar(50) DEFAULT NULL,
  PRIMARY KEY (`id_empleado`),
  KEY `id_puestos` (`id_puestos`),
  KEY `id_sucursal` (`id_sucursal`),
  CONSTRAINT `empleados_ibfk_1` FOREIGN KEY (`id_puestos`) REFERENCES `puestos` (`id_puestos`),
  CONSTRAINT `empleados_ibfk_2` FOREIGN KEY (`id_sucursal`) REFERENCES `sucursal` (`id_sucursal`)
) ENGINE=InnoDB DEFAULT CHARSET=utf8mb4 COLLATE=utf8mb4_0900_ai_ci;
/*!40101 SET character_set_client = @saved_cs_client */;

--
-- Dumping data for table `empleados`
--

LOCK TABLES `empleados` WRITE;
/*!40000 ALTER TABLE `empleados` DISABLE KEYS */;
INSERT INTO `empleados` (`id_empleado`, `fotoperfil`, `nombre`, `apellido1`, `apellido2`, `hora_comida_entrada`, `hora_comida_salida`, `hora_entrada_puesto`, `hora_salida_puesto`, `id_puestos`, `id_sucursal`, `contrase├▒a`) VALUES ('10','[-0.1402939260005951, 0.12320234626531601, 0.03890978544950485, -0.022524604573845863, -0.1257423460483551, 0.0506456196308136, 0.011097314767539501, -0.11145994067192078, 0.14695680141448975, -0.12851224839687347, 0.26875779032707214, -0.08442167192697525, -0.24583539366722107, -0.06732340157032013, -0.09764520823955536, 0.11494847387075424, -0.12805014848709106, -0.1732613891363144, -0.042888179421424866, -0.04250276833772659, 0.10336753726005554, -0.02609621174633503, -0.052506569772958755, 0.0511152558028698, -0.1433197557926178, -0.34347522258758545, -0.05046309158205986, -0.075827457010746, 0.05958300083875656, -0.10732492059469223, -0.08899735659360886, 0.04659939184784889, -0.17838475108146667, -0.049710921943187714, -0.02762877382338047, 0.10795602202415466, -0.01640678010880947, 0.02155406028032303, 0.12460927665233612, -0.0334511362016201, -0.24006305634975433, 0.05630148947238922, 0.042920615524053574, 0.2503069341182709, 0.20826053619384766, 0.10921011865139008, -0.04927711561322212, -0.09040145576000214, 0.08981224149465561, -0.24938951432704926, 0.11981425434350967, 0.1302909553050995, 0.14883050322532654, 0.027914337813854218, 0.0638304129242897, -0.15916453301906586, -0.06303240358829498, 0.07174041122198105, -0.16318948566913605, 0.0823802575469017, 0.06312265992164612, -0.11127246916294098, -0.0008558999979868531, -0.0676838830113411, 0.19328433275222778, 0.13992224633693695, -0.08714502304792404, -0.11951884627342224, 0.23703983426094055, -0.19150453805923462, -0.06337109953165054, 0.070558562874794, -0.03789244592189789, -0.1805448979139328, -0.24042649567127228, 0.10646920651197433, 0.4549632966518402, 0.17119482159614563, -0.18889698386192322, 0.03486364334821701, 0.0009767848532646894, 0.01124202087521553, 0.16533489525318146, 0.07397080212831497, -0.07279104739427567, -0.04230635613203049, -0.12238539755344391, -0.021742526441812515, 0.20017899572849274, 0.005095426458865404, -0.0654025599360466, 0.22525860369205475, -0.035975757986307144, 0.049083683639764786, 0.11281782388687134, 0.07276346534490585, -0.0982823297381401, 0.03588581830263138, -0.14292368292808533, -0.026602020487189293, 0.044898565858602524, -0.10402780771255493, -0.021331055089831352, 0.08722639828920364, -0.0992763414978981, 0.10705715417861938, -0.05749938264489174, 0.043213892728090286, 0.01096179150044918, 0.007234851364046335, -0.09144303947687149, -0.009503214620053768, 0.13618843257427216, -0.2728545665740967, 0.23275668919086456, 0.10532459616661072, 0.013218877837061882, 0.15552693605422974, 0.15742939710617065, 0.05700572952628136, 0.09087757021188736, -0.0751883015036583, -0.1836695671081543, -0.0948314443230629, 0.11236817389726639, -0.11641410738229752, 0.09919574856758118, 0.03700314462184906]','edgar','rodriguez','briseno','14:30:00','15:30:00','12:30:00','18:39:00','1','1','1234'),('2',NULL,'edgar eduardo','lomas','brise├▒o','14:30:00','15:30:00','12:30:00','20:30:00','1','1','1234'),('3',NULL,'edgar eduardo','rodriguez','brise├▒o','14:30:00','15:30:00','12:30:00','20:30:00','3','1','1234'),('4',NULL,'El mero mero','cachuchero','lomo de oro','14:30:00','15:30:00','12:30:00','20:30:00','3','1','1234'),('5',NULL,'gabriel','rodriguez','briseno','14:30:00','15:30:00','12:30:00','20:30:00','2','1','1234'),('6',NULL,'eduardo','rodriguez','birseno','15:30:00','16:30:00','12:30:00','20:30:00','1','1','1234'),('7','[0.1, 0.2, 0.3]','jorge','reyes','cuesta','14:30:00','15:30:00','12:30:00','20:30:00','1','1','1234'),('8','[-0.1410270482301712, 0.16119568049907684, 0.05058582127094269, 0.005480161868035793, -0.13014183938503265, 0.05985093489289284, 0.04800743609666824, -0.11133047938346863, 0.1638508290052414, -0.11495859920978546, 0.2417481392621994, -0.08347367495298386, -0.2506878972053528, -0.021379932761192322, -0.09406575560569763, 0.10654701292514801, -0.14022856950759888, -0.17152515053749084, -0.10052315890789032, -0.08555923402309418, 0.10725356638431549, 0.010728239081799984, -0.0419173426926136, 0.08527449518442154, -0.16864372789859772, -0.28239205479621887, 0.012492269277572632, -0.06970159709453583, 0.06430890411138535, -0.14280514419078827, -0.11029735207557678, -0.05041762441396713, -0.20577549934387207, -0.049896568059921265, -0.041649963706731796, 0.04038064181804657, -0.033197563141584396, -0.026043744757771492, 0.15475048124790192, -0.06854128837585449, -0.22859129309654236, 0.08931852877140045, 0.0584893599152565, 0.23119887709617615, 0.18835404515266418, 0.10059821605682373, -0.06944461166858673, -0.07432471960783005, 0.11263144761323929, -0.24841190874576569, 0.06281755864620209, 0.13662521541118622, 0.1445542871952057, 0.03399943560361862, 0.01333283819258213, -0.22743453085422516, -0.0743248388171196, 0.05996657907962799, -0.15696877241134644, 0.0812915787100792, 0.05098894238471985, -0.11695463955402374, 0.03255358710885048, -0.04367825761437416, 0.1536555290222168, 0.12716194987297058, -0.05872349068522453, -0.1444958746433258, 0.1424262523651123, -0.23671400547027588, -0.04178357869386673, 0.05480724945664406, -0.015454609878361225, -0.1808236539363861, -0.23589232563972473, 0.05727911740541458, 0.4283779561519623, 0.19093108177185059, -0.17852312326431274, 0.02113622985780239, -0.022694913670420647, 0.05010382831096649, 0.12336979061365128, 0.031298812478780746, -0.13384422659873962, 0.005816898308694363, -0.15674066543579102, 0.009004858322441578, 0.20410631597042084, 0.01773892156779766, -0.07772034406661987, 0.2274499237537384, 0.0037100312765687704, 0.01122574508190155, 0.1019551083445549, 0.04257689043879509, -0.1555262953042984, 0.030996505171060562, -0.09465054422616959, 0.006439573131501675, 0.014684546738862991, -0.09798715263605118, 0.03356184810400009, 0.07633064687252045, -0.15395604074001312, 0.14460210502147675, -0.07964888960123062, 0.030385391786694527, -0.045352689921855927, 0.052122753113508224, -0.09454872459173203, 0.02106516808271408, 0.12599889934062958, -0.24910244345664978, 0.23034696280956268, 0.12916620075702667, 0.027542291209101677, 0.19004416465759277, 0.134919673204422, 0.03278399631381035, 0.05278697609901428, 0.02418556995689869, -0.14014022052288055, -0.11470367014408112, 0.09034185856580734, -0.12574264407157898, 0.19692681729793549, 0.06399886310100555]','jorgito','robles','aguire','15:30:00','16:30:00','12:30:00','20:30:00','1','1','1234'),('9','[-0.14411544799804688, 0.0858001783490181, 0.08882801979780197, -0.07733657211065292, -0.17318637669086456, 0.021405620500445366, -0.07336122542619705, -0.11315162479877472, 0.1272340565919876, -0.14211596548557281, 0.22943167388439178, -0.05023569613695145, -0.25609320402145386, 0.016907302662730217, -0.10380968451499939, 0.2442445158958435, -0.17924800515174866, -0.19398517906665802, -0.05816808342933655, -0.07144328206777573, 0.002052075695246458, 0.034624744206666946, -0.03678833320736885, 0.055678751319646835, -0.05535808205604553, -0.4107244908809662, -0.03394708037376404, 0.040468208491802216, -0.04104592651128769, -0.034509312361478806, -0.009622742421925068, 0.08354944735765457, -0.17861229181289673, 0.039110131561756134, 0.0396992489695549, 0.16111445426940918, -0.05808009207248688, -0.12976840138435364, 0.13434849679470062, 0.017998643219470978, -0.2622431218624115, -0.0029505507554858923, 0.10192631930112839, 0.25243860483169556, 0.17469452321529388, 0.014697633683681488, 0.007143676280975342, -0.07811866700649261, 0.10346928238868713, -0.3430316150188446, 0.04822060093283653, 0.12589749693870544, 0.05449654534459114, 0.034196604043245316, 0.032023780047893524, -0.22997978329658508, -0.02510055899620056, 0.13703741133213043, -0.14163672924041748, -0.03897026926279068, 0.008016688749194145, -0.09967868030071259, -0.013649830594658852, -0.16265414655208588, 0.23120816051959991, 0.2140238881111145, -0.12099090963602066, -0.1389480084180832, 0.23769021034240723, -0.14587385952472687, -0.07111980020999908, 0.014392794109880924, -0.076485276222229, -0.20018431544303894, -0.2919093668460846, 0.022973237559199333, 0.489655077457428, 0.18339626491069794, -0.1642543375492096, 0.019123714417219162, -0.00491098640486598, 0.02106538973748684, 0.04604612663388252, 0.15090970695018768, -0.06003500521183014, 0.03309815749526024, -0.11146625876426697, -0.02283371612429619, 0.2128521054983139, 0.02736826427280903, -0.07064707577228546, 0.25112101435661316, 0.0304693765938282, 0.060904793441295624, 0.0841323509812355, 0.06092575937509537, -0.08395812660455704, -0.015884606167674065, -0.2153681218624115, -0.06134560704231262, -0.0894862562417984, -0.050593916326761246, -0.010542958974838257, 0.12323535978794098, -0.15641362965106964, 0.1884607970714569, -0.012459443882107735, 0.014150307513773441, -0.019287943840026855, 0.056337788701057434, -0.004161736462265253, -0.034705694764852524, 0.1093386709690094, -0.2503574788570404, 0.10856002569198608, 0.17301495373249054, 0.08903472125530243, 0.26494383811950684, 0.11747134476900101, 0.08690039068460464, 0.018855193629860878, -0.09629326313734055, -0.18282461166381836, -0.07195709645748138, 0.014514559879899025, -0.05755617097020149, 0.03756244108080864, 0.11767710000276566]','meredith','rodrigez','BRISENO','15:30:00','16:30:00','14:00:00','22:00:00','2','2','1234');
/*!40000 ALTER TABLE `empleados` ENABLE KEYS */;
UNLOCK TABLES;

--
-- Table structure for table `incidencias`
--

DROP TABLE IF EXISTS `incidencias`;
/*!40101 SET @saved_cs_client     = @@character_set_client */;
/*!50503 SET character_set_client = utf8mb4 */;
CREATE TABLE `incidencias` (
  `id_incidencia` char(8) NOT NULL,
  `tipo_incidencia` enum('permiso','incapacidad','vacaciones') NOT NULL,
  PRIMARY KEY (`id_incidencia`)
) ENGINE=InnoDB DEFAULT CHARSET=utf8mb4 COLLATE=utf8mb4_0900_ai_ci;
/*!40101 SET character_set_client = @saved_cs_client */;

--
-- Dumping data for table `incidencias`
--

LOCK TABLES `incidencias` WRITE;
/*!40000 ALTER TABLE `incidencias` DISABLE KEYS */;
/*!40000 ALTER TABLE `incidencias` ENABLE KEYS */;
UNLOCK TABLES;

--
-- Table structure for table `puestos`
--

DROP TABLE IF EXISTS `puestos`;
/*!40101 SET @saved_cs_client     = @@character_set_client */;
/*!50503 SET character_set_client = utf8mb4 */;
CREATE TABLE `puestos` (
  `id_puestos` char(8) NOT NULL,
  `nombre_puestos` varchar(50) DEFAULT NULL,
  PRIMARY KEY (`id_puestos`)
) ENGINE=InnoDB DEFAULT CHARSET=utf8mb4 COLLATE=utf8mb4_0900_ai_ci;
/*!40101 SET character_set_client = @saved_cs_client */;

--
-- Dumping data for table `puestos`
--

LOCK TABLES `puestos` WRITE;
/*!40000 ALTER TABLE `puestos` DISABLE KEYS */;
INSERT INTO `puestos` (`id_puestos`, `nombre_puestos`) VALUES ('1','Gerente'),('2','intendente'),('3','Administrador');
/*!40000 ALTER TABLE `puestos` ENABLE KEYS */;
UNLOCK TABLES;

--
-- Table structure for table `registros_asistencia`
--

DROP TABLE IF EXISTS `registros_asistencia`;
/*!40101 SET @saved_cs_client     = @@character_set_client */;
/*!50503 SET character_set_client = utf8mb4 */;
CREATE TABLE `registros_asistencia` (
  `id_registro` int NOT NULL AUTO_INCREMENT,
  `id_empleado` char(8) DEFAULT NULL,
  `tipo` enum('entrada','salida') NOT NULL,
  `fecha` date NOT NULL,
  `hora` time NOT NULL,
  `fecha_creacion` timestamp NULL DEFAULT CURRENT_TIMESTAMP,
  PRIMARY KEY (`id_registro`),
  KEY `id_empleado` (`id_empleado`),
  CONSTRAINT `registros_asistencia_ibfk_1` FOREIGN KEY (`id_empleado`) REFERENCES `empleados` (`id_empleado`)
) ENGINE=InnoDB AUTO_INCREMENT=267 DEFAULT CHARSET=utf8mb4 COLLATE=utf8mb4_0900_ai_ci;
/*!40101 SET character_set_client = @saved_cs_client */;

--
-- Dumping data for table `registros_asistencia`
--

LOCK TABLES `registros_asistencia` WRITE;
/*!40000 ALTER TABLE `registros_asistencia` DISABLE KEYS */;
INSERT INTO `registros_asistencia` (`id_registro`, `id_empleado`, `tipo`, `fecha`, `hora`, `fecha_creacion`) VALUES (4,'2','entrada','2025-12-05','12:35:00','2025-12-06 06:04:56'),(5,'2','salida','2025-12-05','20:25:00','2025-12-06 06:04:56'),(6,'3','entrada','2025-12-05','12:30:00','2025-12-06 06:04:56'),(7,'3','salida','2025-12-05','20:30:00','2025-12-06 06:04:56'),(8,'4','entrada','2025-12-05','12:45:00','2025-12-06 06:04:56'),(9,'4','salida','2025-12-05','20:15:00','2025-12-06 06:04:56'),(10,'5','entrada','2025-12-05','12:25:00','2025-12-06 06:04:56'),(11,'5','salida','2025-12-05','20:35:00','2025-12-06 06:04:56'),(12,'6','entrada','2025-12-05','12:30:00','2025-12-06 06:04:56'),(13,'6','salida','2025-12-05','20:30:00','2025-12-06 06:04:56'),(14,'7','entrada','2025-12-05','12:40:00','2025-12-06 06:04:56'),(15,'7','salida','2025-12-05','20:20:00','2025-12-06 06:04:56'),(16,'8','entrada','2025-12-05','12:30:00','2025-12-06 06:04:56'),(17,'8','salida','2025-12-05','20:30:00','2025-12-06 06:04:56'),(18,'9','entrada','2025-12-05','14:05:00','2025-12-06 06:04:56'),(19,'9','salida','2025-12-05','22:00:00','2025-12-06 06:04:56'),(20,'2','entrada','2025-12-01','12:30:00','2025-12-06 06:04:56'),(21,'2','salida','2025-12-01','20:30:00','2025-12-06 06:04:56'),(22,'3','entrada','2025-12-01','12:35:00','2025-12-06 06:04:56'),(23,'3','salida','2025-12-01','20:25:00','2025-12-06 06:04:56'),(24,'4','entrada','2025-12-01','12:30:00','2025-12-06 06:04:56'),(25,'4','salida','2025-12-01','20:30:00','2025-12-06 06:04:56'),(26,'5','entrada','2025-12-01','12:30:00','2025-12-06 06:04:56'),(27,'5','salida','2025-12-01','20:30:00','2025-12-06 06:04:56'),(28,'6','entrada','2025-12-01','12:30:00','2025-12-06 06:04:56'),(29,'6','salida','2025-12-01','20:30:00','2025-12-06 06:04:56'),(30,'7','entrada','2025-12-01','12:30:00','2025-12-06 06:04:56'),(31,'7','salida','2025-12-01','20:30:00','2025-12-06 06:04:56'),(32,'8','entrada','2025-12-01','12:30:00','2025-12-06 06:04:56'),(33,'8','salida','2025-12-01','20:30:00','2025-12-06 06:04:56'),(34,'9','entrada','2025-12-01','14:00:00','2025-12-06 06:04:56'),(35,'9','salida','2025-12-01','22:00:00','2025-12-06 06:04:56'),(36,'2','entrada','2025-12-02','12:30:00','2025-12-06 06:04:56'),(37,'2','salida','2025-12-02','20:30:00','2025-12-06 06:04:56'),(38,'3','entrada','2025-12-02','12:30:00','2025-12-06 06:04:56'),(39,'3','salida','2025-12-02','20:30:00','2025-12-06 06:04:56'),(40,'4','entrada','2025-12-02','12:40:00','2025-12-06 06:04:56'),(41,'4','salida','2025-12-02','20:20:00','2025-12-06 06:04:56'),(42,'5','entrada','2025-12-02','12:30:00','2025-12-06 06:04:56'),(43,'5','salida','2025-12-02','20:30:00','2025-12-06 06:04:56'),(44,'6','entrada','2025-12-02','12:30:00','2025-12-06 06:04:56'),(45,'6','salida','2025-12-02','20:30:00','2025-12-06 06:04:56'),(46,'7','entrada','2025-12-02','12:30:00','2025-12-06 06:04:56'),(47,'7','salida','2025-12-02','20:30:00','2025-12-06 06:04:56'),(48,'8','entrada','2025-12-02','12:30:00','2025-12-06 06:04:56'),(49,'8','salida','2025-12-02','20:30:00','2025-12-06 06:04:56'),(50,'9','entrada','2025-12-02','14:00:00','2025-12-06 06:04:56'),(51,'9','salida','2025-12-02','22:00:00','2025-12-06 06:04:56'),(52,'2','entrada','2025-12-03','12:30:00','2025-12-06 06:04:56'),(53,'2','salida','2025-12-03','20:30:00','2025-12-06 06:04:56'),(54,'3','entrada','2025-12-03','12:30:00','2025-12-06 06:04:56'),(55,'3','salida','2025-12-03','20:30:00','2025-12-06 06:04:56'),(56,'4','entrada','2025-12-03','12:30:00','2025-12-06 06:04:56'),(57,'4','salida','2025-12-03','20:30:00','2025-12-06 06:04:56'),(58,'5','entrada','2025-12-03','12:30:00','2025-12-06 06:04:56'),(59,'5','salida','2025-12-03','20:30:00','2025-12-06 06:04:56'),(60,'6','entrada','2025-12-03','12:30:00','2025-12-06 06:04:56'),(61,'6','salida','2025-12-03','20:30:00','2025-12-06 06:04:56'),(62,'7','entrada','2025-12-03','12:30:00','2025-12-06 06:04:56'),(63,'7','salida','2025-12-03','20:30:00','2025-12-06 06:04:56'),(64,'8','entrada','2025-12-03','12:30:00','2025-12-06 06:04:56'),(65,'8','salida','2025-12-03','20:30:00','2025-12-06 06:04:56'),(66,'9','entrada','2025-12-03','14:00:00','2025-12-06 06:04:56'),(67,'9','salida','2025-12-03','22:00:00','2025-12-06 06:04:56'),(68,'2','entrada','2025-12-04','12:30:00','2025-12-06 06:04:56'),(69,'2','salida','2025-12-04','20:30:00','2025-12-06 06:04:56'),(70,'3','entrada','2025-12-04','12:30:00','2025-12-06 06:04:56'),(71,'3','salida','2025-12-04','20:30:00','2025-12-06 06:04:56'),(72,'4','entrada','2025-12-04','12:30:00','2025-12-06 06:04:56'),(73,'4','salida','2025-12-04','20:30:00','2025-12-06 06:04:56'),(74,'5','entrada','2025-12-04','12:30:00','2025-12-06 06:04:56'),(75,'5','salida','2025-12-04','20:30:00','2025-12-06 06:04:56'),(76,'6','entrada','2025-12-04','12:30:00','2025-12-06 06:04:56'),(77,'6','salida','2025-12-04','20:30:00','2025-12-06 06:04:56'),(78,'7','entrada','2025-12-04','12:30:00','2025-12-06 06:04:56'),(79,'7','salida','2025-12-04','20:30:00','2025-12-06 06:04:56'),(80,'8','entrada','2025-12-04','12:30:00','2025-12-06 06:04:56'),(81,'8','salida','2025-12-04','20:30:00','2025-12-06 06:04:56'),(82,'9','entrada','2025-12-04','14:00:00','2025-12-06 06:04:56'),(83,'9','salida','2025-12-04','22:00:00','2025-12-06 06:04:56'),(84,'2','entrada','2025-11-16','12:30:00','2025-12-06 06:04:56'),(85,'2','salida','2025-11-16','20:30:00','2025-12-06 06:04:56'),(86,'3','entrada','2025-11-16','12:30:00','2025-12-06 06:04:56'),(87,'3','salida','2025-11-16','20:30:00','2025-12-06 06:04:56'),(88,'4','entrada','2025-11-16','12:30:00','2025-12-06 06:04:56'),(89,'4','salida','2025-11-16','20:30:00','2025-12-06 06:04:56'),(90,'5','entrada','2025-11-16','12:30:00','2025-12-06 06:04:56'),(91,'5','salida','2025-11-16','20:30:00','2025-12-06 06:04:56'),(92,'6','entrada','2025-11-16','12:30:00','2025-12-06 06:04:56'),(93,'6','salida','2025-11-16','20:30:00','2025-12-06 06:04:56'),(94,'7','entrada','2025-11-16','12:30:00','2025-12-06 06:04:56'),(95,'7','salida','2025-11-16','20:30:00','2025-12-06 06:04:56'),(96,'8','entrada','2025-11-16','12:30:00','2025-12-06 06:04:56'),(97,'8','salida','2025-11-16','20:30:00','2025-12-06 06:04:56'),(98,'9','entrada','2025-11-16','14:00:00','2025-12-06 06:04:56'),(99,'9','salida','2025-11-16','22:00:00','2025-12-06 06:04:56'),(100,'2','entrada','2025-11-17','12:30:00','2025-12-06 06:04:56'),(101,'2','salida','2025-11-17','20:30:00','2025-12-06 06:04:56'),(102,'3','entrada','2025-11-17','12:30:00','2025-12-06 06:04:56'),(103,'3','salida','2025-11-17','20:30:00','2025-12-06 06:04:56'),(104,'4','entrada','2025-11-17','12:30:00','2025-12-06 06:04:56'),(105,'4','salida','2025-11-17','20:30:00','2025-12-06 06:04:56'),(106,'5','entrada','2025-11-17','12:30:00','2025-12-06 06:04:56'),(107,'5','salida','2025-11-17','20:30:00','2025-12-06 06:04:56'),(108,'6','entrada','2025-11-17','12:30:00','2025-12-06 06:04:56'),(109,'6','salida','2025-11-17','20:30:00','2025-12-06 06:04:56'),(110,'7','entrada','2025-11-17','12:30:00','2025-12-06 06:04:56'),(111,'7','salida','2025-11-17','20:30:00','2025-12-06 06:04:56'),(112,'8','entrada','2025-11-17','12:30:00','2025-12-06 06:04:56'),(113,'8','salida','2025-11-17','20:30:00','2025-12-06 06:04:56'),(114,'9','entrada','2025-11-17','14:00:00','2025-12-06 06:04:56'),(115,'9','salida','2025-11-17','22:00:00','2025-12-06 06:04:56'),(116,'2','entrada','2025-11-18','12:30:00','2025-12-06 06:04:56'),(117,'2','salida','2025-11-18','20:30:00','2025-12-06 06:04:56'),(118,'3','entrada','2025-11-18','12:30:00','2025-12-06 06:04:56'),(119,'3','salida','2025-11-18','20:30:00','2025-12-06 06:04:56'),(120,'4','entrada','2025-11-18','12:30:00','2025-12-06 06:04:56'),(121,'4','salida','2025-11-18','20:30:00','2025-12-06 06:04:56'),(122,'5','entrada','2025-11-18','12:30:00','2025-12-06 06:04:56'),(123,'5','salida','2025-11-18','20:30:00','2025-12-06 06:04:56'),(124,'6','entrada','2025-11-18','12:30:00','2025-12-06 06:04:56'),(125,'6','salida','2025-11-18','20:30:00','2025-12-06 06:04:56'),(126,'7','entrada','2025-11-18','12:30:00','2025-12-06 06:04:56'),(127,'7','salida','2025-11-18','20:30:00','2025-12-06 06:04:56'),(128,'8','entrada','2025-11-18','12:30:00','2025-12-06 06:04:56'),(129,'8','salida','2025-11-18','20:30:00','2025-12-06 06:04:56'),(130,'9','entrada','2025-11-18','14:00:00','2025-12-06 06:04:56'),(131,'9','salida','2025-11-18','22:00:00','2025-12-06 06:04:56'),(132,'2','entrada','2025-11-19','12:30:00','2025-12-06 06:04:56'),(133,'2','salida','2025-11-19','20:30:00','2025-12-06 06:04:56'),(134,'3','entrada','2025-11-19','12:30:00','2025-12-06 06:04:56'),(135,'3','salida','2025-11-19','20:30:00','2025-12-06 06:04:56'),(136,'4','entrada','2025-11-19','12:30:00','2025-12-06 06:04:56'),(137,'4','salida','2025-11-19','20:30:00','2025-12-06 06:04:56'),(138,'5','entrada','2025-11-19','12:30:00','2025-12-06 06:04:56'),(139,'5','salida','2025-11-19','20:30:00','2025-12-06 06:04:56'),(140,'6','entrada','2025-11-19','12:30:00','2025-12-06 06:04:56'),(141,'6','salida','2025-11-19','20:30:00','2025-12-06 06:04:56'),(142,'7','entrada','2025-11-19','12:30:00','2025-12-06 06:04:56'),(143,'7','salida','2025-11-19','20:30:00','2025-12-06 06:04:56'),(144,'8','entrada','2025-11-19','12:30:00','2025-12-06 06:04:56'),(145,'8','salida','2025-11-19','20:30:00','2025-12-06 06:04:56'),(146,'9','entrada','2025-11-19','14:00:00','2025-12-06 06:04:56'),(147,'9','salida','2025-11-19','22:00:00','2025-12-06 06:04:56'),(148,'2','entrada','2025-11-20','12:30:00','2025-12-06 06:04:56'),(149,'2','salida','2025-11-20','20:30:00','2025-12-06 06:04:56'),(150,'3','entrada','2025-11-20','12:30:00','2025-12-06 06:04:56'),(151,'3','salida','2025-11-20','20:30:00','2025-12-06 06:04:56'),(152,'4','entrada','2025-11-20','12:30:00','2025-12-06 06:04:56'),(153,'4','salida','2025-11-20','20:30:00','2025-12-06 06:04:56'),(154,'5','entrada','2025-11-20','12:30:00','2025-12-06 06:04:56'),(155,'5','salida','2025-11-20','20:30:00','2025-12-06 06:04:56'),(156,'6','entrada','2025-11-20','12:30:00','2025-12-06 06:04:56'),(157,'6','salida','2025-11-20','20:30:00','2025-12-06 06:04:56'),(158,'7','entrada','2025-11-20','12:30:00','2025-12-06 06:04:56'),(159,'7','salida','2025-11-20','20:30:00','2025-12-06 06:04:56'),(160,'8','entrada','2025-11-20','12:30:00','2025-12-06 06:04:56'),(161,'8','salida','2025-11-20','20:30:00','2025-12-06 06:04:56'),(162,'9','entrada','2025-11-20','14:00:00','2025-12-06 06:04:56'),(163,'9','salida','2025-11-20','22:00:00','2025-12-06 06:04:56'),(164,'2','entrada','2025-11-23','12:30:00','2025-12-06 06:04:56'),(165,'2','salida','2025-11-23','20:30:00','2025-12-06 06:04:56'),(166,'3','entrada','2025-11-23','12:30:00','2025-12-06 06:04:56'),(167,'3','salida','2025-11-23','20:30:00','2025-12-06 06:04:56'),(168,'4','entrada','2025-11-23','12:30:00','2025-12-06 06:04:56'),(169,'4','salida','2025-11-23','20:30:00','2025-12-06 06:04:56'),(170,'5','entrada','2025-11-23','12:30:00','2025-12-06 06:04:56'),(171,'5','salida','2025-11-23','20:30:00','2025-12-06 06:04:56'),(172,'6','entrada','2025-11-23','12:30:00','2025-12-06 06:04:56'),(173,'6','salida','2025-11-23','20:30:00','2025-12-06 06:04:56'),(174,'7','entrada','2025-11-23','12:30:00','2025-12-06 06:04:56'),(175,'7','salida','2025-11-23','20:30:00','2025-12-06 06:04:56'),(176,'8','entrada','2025-11-23','12:30:00','2025-12-06 06:04:56'),(177,'8','salida','2025-11-23','20:30:00','2025-12-06 06:04:56'),(178,'9','entrada','2025-11-23','14:00:00','2025-12-06 06:04:56'),(179,'9','salida','2025-11-23','22:00:00','2025-12-06 06:04:56'),(180,'2','entrada','2025-11-24','12:30:00','2025-12-06 06:04:56'),(181,'2','salida','2025-11-24','20:30:00','2025-12-06 06:04:56'),(182,'3','entrada','2025-11-24','12:30:00','2025-12-06 06:04:56'),(183,'3','salida','2025-11-24','20:30:00','2025-12-06 06:04:56'),(184,'4','entrada','2025-11-24','12:30:00','2025-12-06 06:04:56'),(185,'4','salida','2025-11-24','20:30:00','2025-12-06 06:04:56'),(186,'5','entrada','2025-11-24','12:30:00','2025-12-06 06:04:56'),(187,'5','salida','2025-11-24','20:30:00','2025-12-06 06:04:56'),(188,'6','entrada','2025-11-24','12:30:00','2025-12-06 06:04:56'),(189,'6','salida','2025-11-24','20:30:00','2025-12-06 06:04:56'),(190,'7','entrada','2025-11-24','12:30:00','2025-12-06 06:04:56'),(191,'7','salida','2025-11-24','20:30:00','2025-12-06 06:04:56'),(192,'8','entrada','2025-11-24','12:30:00','2025-12-06 06:04:56'),(193,'8','salida','2025-11-24','20:30:00','2025-12-06 06:04:56'),(194,'9','entrada','2025-11-24','14:00:00','2025-12-06 06:04:56'),(195,'9','salida','2025-11-24','22:00:00','2025-12-06 06:04:56'),(196,'2','entrada','2025-11-25','12:30:00','2025-12-06 06:04:56'),(197,'2','salida','2025-11-25','20:30:00','2025-12-06 06:04:56'),(198,'3','entrada','2025-11-25','12:30:00','2025-12-06 06:04:56'),(199,'3','salida','2025-11-25','20:30:00','2025-12-06 06:04:56'),(200,'4','entrada','2025-11-25','12:30:00','2025-12-06 06:04:56'),(201,'4','salida','2025-11-25','20:30:00','2025-12-06 06:04:56'),(202,'5','entrada','2025-11-25','12:30:00','2025-12-06 06:04:56'),(203,'5','salida','2025-11-25','20:30:00','2025-12-06 06:04:56'),(204,'6','entrada','2025-11-25','12:30:00','2025-12-06 06:04:56'),(205,'6','salida','2025-11-25','20:30:00','2025-12-06 06:04:56'),(206,'7','entrada','2025-11-25','12:30:00','2025-12-06 06:04:56'),(207,'7','salida','2025-11-25','20:30:00','2025-12-06 06:04:56'),(208,'8','entrada','2025-11-25','12:30:00','2025-12-06 06:04:56'),(209,'8','salida','2025-11-25','20:30:00','2025-12-06 06:04:56'),(210,'9','entrada','2025-11-25','14:00:00','2025-12-06 06:04:56'),(211,'9','salida','2025-11-25','22:00:00','2025-12-06 06:04:56'),(212,'2','entrada','2025-11-26','12:30:00','2025-12-06 06:04:56'),(213,'2','salida','2025-11-26','20:30:00','2025-12-06 06:04:56'),(214,'3','entrada','2025-11-26','12:30:00','2025-12-06 06:04:56'),(215,'3','salida','2025-11-26','20:30:00','2025-12-06 06:04:56'),(216,'4','entrada','2025-11-26','12:30:00','2025-12-06 06:04:56'),(217,'4','salida','2025-11-26','20:30:00','2025-12-06 06:04:56'),(218,'5','entrada','2025-11-26','12:30:00','2025-12-06 06:04:56'),(219,'5','salida','2025-11-26','20:30:00','2025-12-06 06:04:56'),(220,'6','entrada','2025-11-26','12:30:00','2025-12-06 06:04:56'),(221,'6','salida','2025-11-26','20:30:00','2025-12-06 06:04:56'),(222,'7','entrada','2025-11-26','12:30:00','2025-12-06 06:04:56'),(223,'7','salida','2025-11-26','20:30:00','2025-12-06 06:04:56'),(224,'8','entrada','2025-11-26','12:30:00','2025-12-06 06:04:56'),(225,'8','salida','2025-11-26','20:30:00','2025-12-06 06:04:56'),(226,'9','entrada','2025-11-26','14:00:00','2025-12-06 06:04:56'),(227,'9','salida','2025-11-26','22:00:00','2025-12-06 06:04:56'),(228,'2','entrada','2025-11-27','12:30:00','2025-12-06 06:04:56'),(229,'2','salida','2025-11-27','20:30:00','2025-12-06 06:04:56'),(230,'3','entrada','2025-11-27','12:30:00','2025-12-06 06:04:56'),(231,'3','salida','2025-11-27','20:30:00','2025-12-06 06:04:56'),(232,'4','entrada','2025-11-27','12:30:00','2025-12-06 06:04:56'),(233,'4','salida','2025-11-27','20:30:00','2025-12-06 06:04:56'),(234,'5','entrada','2025-11-27','12:30:00','2025-12-06 06:04:56'),(235,'5','salida','2025-11-27','20:30:00','2025-12-06 06:04:56'),(236,'6','entrada','2025-11-27','12:30:00','2025-12-06 06:04:56'),(237,'6','salida','2025-11-27','20:30:00','2025-12-06 06:04:56'),(238,'7','entrada','2025-11-27','12:30:00','2025-12-06 06:04:56'),(239,'7','salida','2025-11-27','20:30:00','2025-12-06 06:04:56'),(240,'8','entrada','2025-11-27','12:30:00','2025-12-06 06:04:56'),(241,'8','salida','2025-11-27','20:30:00','2025-12-06 06:04:56'),(242,'9','entrada','2025-11-27','14:00:00','2025-12-06 06:04:56'),(243,'9','salida','2025-11-27','22:00:00','2025-12-06 06:04:56'),(244,'2','entrada','2025-11-28','12:30:00','2025-12-06 06:04:56'),(245,'2','salida','2025-11-28','16:30:00','2025-12-06 06:04:56'),(246,'5','entrada','2025-11-28','12:30:00','2025-12-06 06:04:56'),(247,'5','salida','2025-11-28','16:30:00','2025-12-06 06:04:56'),(248,'9','entrada','2025-11-28','14:00:00','2025-12-06 06:04:56'),(249,'9','salida','2025-11-28','18:00:00','2025-12-06 06:04:56'),(250,'2','entrada','2025-11-30','12:30:00','2025-12-06 06:04:56'),(251,'2','salida','2025-11-30','20:30:00','2025-12-06 06:04:56'),(252,'3','entrada','2025-11-30','12:30:00','2025-12-06 06:04:56'),(253,'3','salida','2025-11-30','20:30:00','2025-12-06 06:04:56'),(254,'4','entrada','2025-11-30','12:30:00','2025-12-06 06:04:56'),(255,'4','salida','2025-11-30','20:30:00','2025-12-06 06:04:56'),(256,'5','entrada','2025-11-30','12:30:00','2025-12-06 06:04:56'),(257,'5','salida','2025-11-30','20:30:00','2025-12-06 06:04:56'),(258,'6','entrada','2025-11-30','12:30:00','2025-12-06 06:04:56'),(259,'6','salida','2025-11-30','20:30:00','2025-12-06 06:04:56'),(260,'7','entrada','2025-11-30','12:30:00','2025-12-06 06:04:56'),(261,'7','salida','2025-11-30','20:30:00','2025-12-06 06:04:56'),(262,'8','entrada','2025-11-30','12:30:00','2025-12-06 06:04:56'),(263,'8','salida','2025-11-30','20:30:00','2025-12-06 06:04:56'),(264,'9','entrada','2025-11-30','14:00:00','2025-12-06 06:04:56'),(265,'9','salida','2025-11-30','22:00:00','2025-12-06 06:04:56'),(266,'10','entrada','2025-12-08','20:33:51','2025-12-09 03:33:51');
/*!40000 ALTER TABLE `registros_asistencia` ENABLE KEYS */;
UNLOCK TABLES;

--
-- Table structure for table `sucursal`
--

DROP TABLE IF EXISTS `sucursal`;
/*!40101 SET @saved_cs_client     = @@character_set_client */;
/*!50503 SET character_set_client = utf8mb4 */;
CREATE TABLE `sucursal` (
  `id_sucursal` char(8) NOT NULL,
  `nombre` varchar(50) NOT NULL,
  `direccion` varchar(50) NOT NULL,
  `calle` varchar(50) DEFAULT NULL,
  `colonia` varchar(50) NOT NULL,
  `cp` char(5) NOT NULL,
  PRIMARY KEY (`id_sucursal`)
) ENGINE=InnoDB DEFAULT CHARSET=utf8mb4 COLLATE=utf8mb4_0900_ai_ci;
/*!40101 SET character_set_client = @saved_cs_client */;

--
-- Dumping data for table `sucursal`
--

LOCK TABLES `sucursal` WRITE;
/*!40000 ALTER TABLE `sucursal` DISABLE KEYS */;
INSERT INTO `sucursal` (`id_sucursal`, `nombre`, `direccion`, `calle`, `colonia`, `cp`) VALUES ('1','Sucursal Central','Calle Principal 123','Calle 1','Colonia Centro','12345'),('2','sucursal secundaria','Direcci├│n por definir',NULL,'Colonia por definir','00000');
/*!40000 ALTER TABLE `sucursal` ENABLE KEYS */;
UNLOCK TABLES;
/*!40103 SET TIME_ZONE=@OLD_TIME_ZONE */;

/*!40101 SET SQL_MODE=@OLD_SQL_MODE */;
/*!40014 SET FOREIGN_KEY_CHECKS=@OLD_FOREIGN_KEY_CHECKS */;
/*!40014 SET UNIQUE_CHECKS=@OLD_UNIQUE_CHECKS */;
/*!40101 SET CHARACTER_SET_CLIENT=@OLD_CHARACTER_SET_CLIENT */;
/*!40101 SET CHARACTER_SET_RESULTS=@OLD_CHARACTER_SET_RESULTS */;
/*!40101 SET COLLATION_CONNECTION=@OLD_COLLATION_CONNECTION */;
/*!40111 SET SQL_NOTES=@OLD_SQL_NOTES */;

-- Dump completed on 2025-12-11 18:55:56
